<?xml version="1.0" encoding="utf-8" ?>
<dwsync>
<file name="lightbox-02.jpg" server="ftp.populerdunya.com/read/" local="130018009570489087" remote="130017806400000000" Dst="1" />
<file name="lightbox-03.jpg" server="ftp.populerdunya.com/read/" local="130018008363770067" remote="130017807000000000" Dst="1" />
<file name="lightbox-02.jpg" server="ftp.populerdunya.com/bookcard/" local="130051739180000000" remote="130052315400000000" Dst="1" />
<file name="lightbox-03.jpg" server="ftp.populerdunya.com/bookcard/" local="130051745620000000" remote="130052315400000000" Dst="1" />
<file name="lightbox-02.jpg" server="ftp.populerdunya.com/newcard/" local="130347798598304507" remote="130355505600000000" Dst="1" />
<file name="lightbox-03.jpg" server="ftp.populerdunya.com/newcard/" local="130347794537792259" remote="130355505600000000" Dst="1" />
<file name="01.jpg" server="ftp.populerdunya.com/blog/" local="130383486920000000" remote="130406436600000000" Dst="2" />
<file name="02.jpg" server="ftp.populerdunya.com/blog/" local="130383485600000000" remote="130406436600000000" Dst="2" />
<file name="03.jpg" server="ftp.populerdunya.com/blog/" local="130385148710000000" remote="130406436600000000" Dst="2" />
<file name="05.jpg" server="ftp.populerdunya.com/blog/" local="130385282740000000" remote="130406436600000000" Dst="2" />
<file name="06.jpg" server="ftp.populerdunya.com/blog/" local="130383489640000000" remote="130406436600000000" Dst="2" />
<file name="08.jpg" server="ftp.populerdunya.com/blog/" local="130383490270000000" remote="130406436600000000" Dst="2" />
<file name="09.jpg" server="ftp.populerdunya.com/blog/" local="130383490850000000" remote="130406436600000000" Dst="2" />
<file name="lightbox-02.jpg" server="ftp.populerdunya.com/blog/" local="130347798590000000" remote="130406437200000000" Dst="2" />
<file name="lightbox-03.jpg" server="ftp.populerdunya.com/blog/" local="130347794530000000" remote="130406437200000000" Dst="2" />
<file name="01.jpg" server="ftp.populerdunya.com/readme/" local="130565976860000000" remote="130568303400000000" Dst="2" />
<file name="02.jpg" server="ftp.populerdunya.com/readme/" local="130565998970000000" remote="130568303400000000" Dst="2" />
<file name="03.jpg" server="ftp.populerdunya.com/readme/" local="130525281830000000" remote="130568303400000000" Dst="2" />
<file name="05.jpg" server="ftp.populerdunya.com/readme/" local="130566014960000000" remote="130568303400000000" Dst="2" />
<file name="06.jpg" server="ftp.populerdunya.com/readme/" local="130566000170000000" remote="130568303400000000" Dst="2" />
<file name="08.jpg" server="ftp.populerdunya.com/readme/" local="130525254360000000" remote="130561315200000000" Dst="2" />
<file name="09.jpg" server="ftp.populerdunya.com/readme/" local="130561634950000000" remote="130568303400000000" Dst="2" />
<file name="lightbox-02.jpg" server="ftp.populerdunya.com/readme/" local="130347798590000000" remote="130444720800000000" Dst="2" />
<file name="lightbox-03.jpg" server="ftp.populerdunya.com/readme/" local="130347794530000000" remote="130444720800000000" Dst="2" />
<file name="01.jpg" server="ftp.populerdunya.com/editor-html/" local="130783194950000000" remote="131317314600000000" Dst="0" />
<file name="02.jpg" server="ftp.populerdunya.com/editor-html/" local="130783959740000000" remote="131317314600000000" Dst="0" />
<file name="03.jpg" server="ftp.populerdunya.com/editor-html/" local="130784020380000000" remote="131317314600000000" Dst="0" />
<file name="05.jpg" server="ftp.populerdunya.com/editor-html/" local="130784020610000000" remote="131317314600000000" Dst="0" />
<file name="06.jpg" server="ftp.populerdunya.com/editor-html/" local="130783966207652916" remote="131317314600000000" Dst="0" />
<file name="08.jpg" server="ftp.populerdunya.com/editor-html/" local="130783980980000000" remote="131317314600000000" Dst="0" />
<file name="09.jpg" server="ftp.populerdunya.com/editor-html/" local="130784040830000000" remote="131317314600000000" Dst="0" />
<file name="lightbox-02.jpg" server="ftp.populerdunya.com/editor-html/" local="130784032950000000" remote="131317314600000000" Dst="0" />
<file name="lightbox-03.jpg" server="ftp.populerdunya.com/editor-html/" local="130784033060000000" remote="131317314600000000" Dst="0" />
<file name="04.jpg" server="ftp.populerdunya.com/editor-html/" local="130783970860000000" remote="131317314000000000" Dst="0" />
<file name="07.jpg" server="ftp.populerdunya.com/editor-html/" local="130783979570000000" remote="131317314000000000" Dst="0" />
<file name="lightbox-01.jpg" server="ftp.populerdunya.com/editor-html/" local="130784032580000000" remote="131317314600000000" Dst="0" />
</dwsync>