<?xml version="1.0" encoding="utf-8" ?>
<dwsync>
<file name="1.jpg" server="ftp.populerdunya.com/readme/" local="130331108020000000" remote="130492171200000000" Dst="2" />
<file name="12.jpg" server="ftp.populerdunya.com/readme/" local="130331108020000000" remote="130492171200000000" Dst="2" />
<file name="11.jpg" server="ftp.populerdunya.com/readme/" local="130331108020000000" remote="130492171200000000" Dst="2" />
<file name="10.jpg" server="ftp.populerdunya.com/readme/" local="130331108020000000" remote="130492171200000000" Dst="2" />
<file name="13.jpg" server="ftp.populerdunya.com/readme/" local="130331108020000000" remote="130492171200000000" Dst="2" />
<file name="14.jpg" server="ftp.populerdunya.com/readme/" local="130331108020000000" remote="130492171200000000" Dst="2" />
<file name="15.jpg" server="ftp.populerdunya.com/readme/" local="130331108020000000" remote="130492171200000000" Dst="2" />
<file name="16.jpg" server="ftp.populerdunya.com/readme/" local="130331108020000000" remote="130492171200000000" Dst="2" />
<file name="17.jpg" server="ftp.populerdunya.com/readme/" local="130331108020000000" remote="130492171200000000" Dst="2" />
<file name="18.jpg" server="ftp.populerdunya.com/readme/" local="130331108020000000" remote="130492171200000000" Dst="2" />
<file name="19.jpg" server="ftp.populerdunya.com/readme/" local="130331108020000000" remote="130492171200000000" Dst="2" />
<file name="2.jpg" server="ftp.populerdunya.com/readme/" local="130331108020000000" remote="130492171200000000" Dst="2" />
<file name="20.jpg" server="ftp.populerdunya.com/readme/" local="130331108020000000" remote="130492171200000000" Dst="2" />
<file name="3.jpg" server="ftp.populerdunya.com/readme/" local="130331108020000000" remote="130492171200000000" Dst="2" />
<file name="4.jpg" server="ftp.populerdunya.com/readme/" local="130331108020000000" remote="130492171200000000" Dst="2" />
<file name="5.jpg" server="ftp.populerdunya.com/readme/" local="130331108020000000" remote="130492171200000000" Dst="2" />
<file name="6.jpg" server="ftp.populerdunya.com/readme/" local="130331108020000000" remote="130492171200000000" Dst="2" />
<file name="7.jpg" server="ftp.populerdunya.com/readme/" local="130331108020000000" remote="130492171200000000" Dst="2" />
<file name="8.jpg" server="ftp.populerdunya.com/readme/" local="130331108020000000" remote="130492171200000000" Dst="2" />
<file name="9.jpg" server="ftp.populerdunya.com/readme/" local="130331108020000000" remote="130492171200000000" Dst="2" />
<file name="1.jpg" server="ftp.populerdunya.com/editor-html/" local="130702880840000000" remote="130702356000000000" Dst="-1" />
<file name="10.jpg" server="ftp.populerdunya.com/editor-html/" local="130702882170000000" remote="130702356000000000" Dst="-1" />
<file name="11.jpg" server="ftp.populerdunya.com/editor-html/" local="130702882370000000" remote="130702356000000000" Dst="-1" />
<file name="12.jpg" server="ftp.populerdunya.com/editor-html/" local="130702882570000000" remote="130702356000000000" Dst="-1" />
<file name="13.jpg" server="ftp.populerdunya.com/editor-html/" local="130702883440000000" remote="130702356000000000" Dst="-1" />
<file name="14.jpg" server="ftp.populerdunya.com/editor-html/" local="130702883860000000" remote="130702356000000000" Dst="-1" />
<file name="15.jpg" server="ftp.populerdunya.com/editor-html/" local="130702884220000000" remote="130702356000000000" Dst="-1" />
<file name="16.jpg" server="ftp.populerdunya.com/editor-html/" local="130702884410000000" remote="130702356000000000" Dst="-1" />
<file name="17.jpg" server="ftp.populerdunya.com/editor-html/" local="130702884580000000" remote="130702356000000000" Dst="-1" />
<file name="18.jpg" server="ftp.populerdunya.com/editor-html/" local="130702884780000000" remote="130702356000000000" Dst="-1" />
<file name="19.jpg" server="ftp.populerdunya.com/editor-html/" local="130702885000000000" remote="130702356000000000" Dst="-1" />
<file name="2.jpg" server="ftp.populerdunya.com/editor-html/" local="130702880270000000" remote="130702356000000000" Dst="-1" />
<file name="20.jpg" server="ftp.populerdunya.com/editor-html/" local="130702885190000000" remote="130702356000000000" Dst="-1" />
<file name="3.jpg" server="ftp.populerdunya.com/editor-html/" local="130702880400000000" remote="130702356000000000" Dst="-1" />
<file name="4.jpg" server="ftp.populerdunya.com/editor-html/" local="130702880090000000" remote="130702356000000000" Dst="-1" />
<file name="5.jpg" server="ftp.populerdunya.com/editor-html/" local="130702881060000000" remote="130702356000000000" Dst="-1" />
<file name="6.jpg" server="ftp.populerdunya.com/editor-html/" local="130702881240000000" remote="130702356000000000" Dst="-1" />
<file name="7.jpg" server="ftp.populerdunya.com/editor-html/" local="130702881460000000" remote="130702356000000000" Dst="-1" />
<file name="8.jpg" server="ftp.populerdunya.com/editor-html/" local="130702881700000000" remote="130702356000000000" Dst="-1" />
<file name="9.jpg" server="ftp.populerdunya.com/editor-html/" local="130702881880000000" remote="130702356000000000" Dst="-1" />
</dwsync>