<?xml version="1.0" encoding="utf-8" ?>
<dwsync>
<file name="favicon.ico" server="ftp.populerdunya.com/read/" local="130018889968687966" remote="130018602600000000" Dst="1" />
<file name="apple-touch-icon.png" server="ftp.populerdunya.com/cvcard/" local="130361165688249997" remote="130360879200000000" Dst="1" />
<file name="favicon.ico" server="ftp.populerdunya.com/cvcard/" local="130361166299284946" remote="130360879200000000" Dst="1" />
<file name="apple-touch-icon.png" server="ftp.populerdunya.com/vector/" local="130361165680000000" remote="130776258600000000" Dst="2" />
<file name="favicon.ico" server="ftp.populerdunya.com/vector/" local="130361166290000000" remote="130776918000000000" Dst="2" />
<file name="apple-touch-icon.png" server="ftp.populerdunya.com/vcard-01/" local="130361165680000000" remote="131014850400000000" Dst="1" />
<file name="favicon.ico" server="ftp.populerdunya.com/vcard-01/" local="130361166290000000" remote="131014850400000000" Dst="1" />
<file name="apple-touch-icon.png" server="ftp.populerdunya.com/ucard-html/" local="131060726090000000" remote="131105611800000000" Dst="2" />
<file name="favicon.ico" server="ftp.populerdunya.com/ucard-html/" local="131060726632703971" remote="131105611800000000" Dst="2" />
</dwsync>