<?xml version="1.0" encoding="utf-8" ?>
<dwsync>
<file name="cover1.png" server="ftp.populerdunya.com/readme/" local="130464873000000000" remote="130464591600000000" Dst="2" />
<file name="cover2.png" server="ftp.populerdunya.com/readme/" local="130464873040000000" remote="130464591600000000" Dst="2" />
<file name="cover3.png" server="ftp.populerdunya.com/readme/" local="130464873020000000" remote="130464591600000000" Dst="2" />
<file name="cover5.png" server="ftp.populerdunya.com/readme/" local="130464873000000000" remote="130464591600000000" Dst="2" />
<file name="cover6.png" server="ftp.populerdunya.com/readme/" local="130464873010000000" remote="130464591600000000" Dst="2" />
<file name="cover9.png" server="ftp.populerdunya.com/readme/" local="130464873000000000" remote="130464591600000000" Dst="2" />
<file name="spine1.png" server="ftp.populerdunya.com/readme/" local="130464873040000000" remote="130464591600000000" Dst="2" />
<file name="spine2.png" server="ftp.populerdunya.com/readme/" local="130464873010000000" remote="130464591600000000" Dst="2" />
<file name="spine3.png" server="ftp.populerdunya.com/readme/" local="130464873020000000" remote="130464591600000000" Dst="2" />
<file name="spine5.png" server="ftp.populerdunya.com/readme/" local="130464873050000000" remote="130464591600000000" Dst="2" />
<file name="spine6.png" server="ftp.populerdunya.com/readme/" local="130464873010000000" remote="130464591600000000" Dst="2" />
<file name="spine9.png" server="ftp.populerdunya.com/readme/" local="130464873020000000" remote="130464591600000000" Dst="2" />
<file name="cover1.png" server="ftp.populerdunya.com/editor-html/" local="130464873000000000" remote="130702356000000000" Dst="-1" />
<file name="cover2.png" server="ftp.populerdunya.com/editor-html/" local="130464873040000000" remote="130702356000000000" Dst="-1" />
<file name="cover3.png" server="ftp.populerdunya.com/editor-html/" local="130464873020000000" remote="130702356000000000" Dst="-1" />
<file name="cover5.png" server="ftp.populerdunya.com/editor-html/" local="130464873000000000" remote="130702356000000000" Dst="-1" />
<file name="cover6.png" server="ftp.populerdunya.com/editor-html/" local="130464873010000000" remote="130702356000000000" Dst="-1" />
<file name="cover9.png" server="ftp.populerdunya.com/editor-html/" local="130464873000000000" remote="130702356000000000" Dst="-1" />
<file name="spine1.png" server="ftp.populerdunya.com/editor-html/" local="130464873040000000" remote="130702356000000000" Dst="-1" />
<file name="spine2.png" server="ftp.populerdunya.com/editor-html/" local="130464873010000000" remote="130702356000000000" Dst="-1" />
<file name="spine3.png" server="ftp.populerdunya.com/editor-html/" local="130464873020000000" remote="130702356000000000" Dst="-1" />
<file name="spine5.png" server="ftp.populerdunya.com/editor-html/" local="130464873050000000" remote="130702356000000000" Dst="-1" />
<file name="spine6.png" server="ftp.populerdunya.com/editor-html/" local="130464873010000000" remote="130702356000000000" Dst="-1" />
<file name="spine9.png" server="ftp.populerdunya.com/editor-html/" local="130464873020000000" remote="130702356000000000" Dst="-1" />
</dwsync>