<?xml version="1.0" encoding="utf-8" ?>
<dwsync>
<file name="bootstrap-responsive.css" server="ftp.populerdunya.com/photographer-html/" local="129912542500000000" remote="130973077200000000" Dst="1" />
<file name="bootstrap.css" server="ftp.populerdunya.com/photographer-html/" local="129961719710000000" remote="130973077200000000" Dst="1" />
<file name="docs.css" server="ftp.populerdunya.com/photographer-html/" local="129940872660000000" remote="130973077200000000" Dst="1" />
<file name="pixelwars.css" server="ftp.populerdunya.com/photographer-html/" local="130358244020000000" remote="130973077200000000" Dst="1" />
<file name="bootstrap-responsive.css" server="ftp.populerdunya.com/empathy-html/" local="129912542500000000" remote="131009469000000000" Dst="1" />
<file name="bootstrap.css" server="ftp.populerdunya.com/empathy-html/" local="129961719710000000" remote="131009469000000000" Dst="1" />
<file name="docs.css" server="ftp.populerdunya.com/empathy-html/" local="131009075192818846" remote="131009469000000000" Dst="1" />
<file name="pixelwars.css" server="ftp.populerdunya.com/empathy-html/" local="131008812240176580" remote="131009469000000000" Dst="1" />
<file name="bootstrap-responsive.css" server="ftp.populerdunya.com/ucard-html/" local="129912542500000000" remote="131105610000000000" Dst="2" />
<file name="bootstrap.css" server="ftp.populerdunya.com/ucard-html/" local="129961719710000000" remote="131105610600000000" Dst="2" />
<file name="docs.css" server="ftp.populerdunya.com/ucard-html/" local="131009075190000000" remote="131105610600000000" Dst="2" />
<file name="pixelwars.css" server="ftp.populerdunya.com/ucard-html/" local="131008812240000000" remote="131105610600000000" Dst="2" />
</dwsync>