<?xml version="1.0" encoding="utf-8" ?>
<dwsync>
<file name="1.jpg" server="ftp.populerdunya.com/editor-html/" local="130702916340000000" remote="130702356000000000" Dst="-1" />
<file name="2.jpg" server="ftp.populerdunya.com/editor-html/" local="130702916770000000" remote="130702356000000000" Dst="-1" />
<file name="3.jpg" server="ftp.populerdunya.com/editor-html/" local="130702917210000000" remote="130702356000000000" Dst="-1" />
<file name="4.jpg" server="ftp.populerdunya.com/editor-html/" local="130702917630000000" remote="130702356000000000" Dst="-1" />
<file name="5.jpg" server="ftp.populerdunya.com/editor-html/" local="130702918200000000" remote="130702356000000000" Dst="-1" />
<file name="6.jpg" server="ftp.populerdunya.com/editor-html/" local="130702918510000000" remote="130702356000000000" Dst="-1" />
<file name="7.jpg" server="ftp.populerdunya.com/editor-html/" local="130702919000000000" remote="130702356000000000" Dst="-1" />
<file name="8.jpg" server="ftp.populerdunya.com/editor-html/" local="130702919990000000" remote="130702356000000000" Dst="-1" />
<file name="9.jpg" server="ftp.populerdunya.com/editor-html/" local="130702920260000000" remote="130702356000000000" Dst="-1" />
</dwsync>