<?xml version="1.0" encoding="utf-8" ?>
<dwsync>
<file name="testo-01.jpg" server="ftp.populerdunya.com/bookcard/" local="130035384345243747" remote="130035176400000000" Dst="1" />
<file name="testo-02.jpg" server="ftp.populerdunya.com/bookcard/" local="130035384297581020" remote="130035176400000000" Dst="1" />
<file name="testo-03.jpg" server="ftp.populerdunya.com/bookcard/" local="130035394368187026" remote="130035176400000000" Dst="1" />
<file name="testo-01.jpg" server="ftp.populerdunya.com/newcard/" local="130347012966689047" remote="130355505600000000" Dst="1" />
<file name="testo-02.jpg" server="ftp.populerdunya.com/newcard/" local="130347019341303654" remote="130355505600000000" Dst="1" />
<file name="testo-03.jpg" server="ftp.populerdunya.com/newcard/" local="130347018268982321" remote="130355505600000000" Dst="1" />
<file name="author-1.jpg" server="ftp.populerdunya.com/newcard/" local="130312723333802665" remote="130313818200000000" Dst="1" />
<file name="author-1.jpg" server="ftp.populerdunya.com/readme/" local="130527756541970410" remote="130561316400000000" Dst="2" />
<file name="testo-01.jpg" server="ftp.populerdunya.com/readme/" local="130527750370000000" remote="130561316400000000" Dst="2" />
<file name="testo-02.jpg" server="ftp.populerdunya.com/readme/" local="130527753160000000" remote="130561316400000000" Dst="2" />
<file name="testo-03.jpg" server="ftp.populerdunya.com/readme/" local="130527754580000000" remote="130561316400000000" Dst="2" />
<file name="author-1.jpg" server="ftp.populerdunya.com/editor-html/" local="130750620220000000" remote="130749876000000000" Dst="-1" />
<file name="logo.png" server="ftp.populerdunya.com/editor-html/" local="130602089860000000" remote="130702356000000000" Dst="-1" />
<file name="testo-01.jpg" server="ftp.populerdunya.com/editor-html/" local="130750623480000000" remote="130749876000000000" Dst="-1" />
<file name="testo-02.jpg" server="ftp.populerdunya.com/editor-html/" local="130750624380000000" remote="130749876000000000" Dst="-1" />
<file name="testo-03.jpg" server="ftp.populerdunya.com/editor-html/" local="130750639730000000" remote="130749876000000000" Dst="-1" />
<file name="about-small.jpg" server="ftp.populerdunya.com/editor-html/" local="130750540470000000" remote="130749876000000000" Dst="-1" />
<file name="about.jpg" server="ftp.populerdunya.com/editor-html/" local="130750540110000000" remote="130749876000000000" Dst="-1" />
</dwsync>