<?xml version="1.0" encoding="utf-8" ?>
<dwsync>
<file name="single-02.jpg" server="ftp.populerdunya.com/read/" local="130018035413367215" remote="130017805800000000" Dst="1" />
<file name="single-03.jpg" server="ftp.populerdunya.com/read/" local="130018035445149033" remote="130017805800000000" Dst="1" />
<file name="single-02.jpg" server="ftp.populerdunya.com/bookcard/" local="130052710190000000" remote="130052487600000000" Dst="1" />
<file name="single-03.jpg" server="ftp.populerdunya.com/bookcard/" local="130052708030000000" remote="130052487600000000" Dst="1" />
<file name="single-04.jpg" server="ftp.populerdunya.com/bookcard/" local="130052752300000000" remote="130052487600000000" Dst="1" />
<file name="single-02.jpg" server="ftp.populerdunya.com/newcard/" local="130336925120000000" remote="130355505000000000" Dst="1" />
<file name="single-03.jpg" server="ftp.populerdunya.com/newcard/" local="130283396690000000" remote="130287439200000000" Dst="1" />
<file name="single-04.jpg" server="ftp.populerdunya.com/newcard/" local="130338128890000000" remote="130355505000000000" Dst="1" />
<file name="single-02.jpg" server="ftp.populerdunya.com/blog/" local="130336925120000000" remote="130406436000000000" Dst="2" />
<file name="single-03.jpg" server="ftp.populerdunya.com/blog/" local="130283396690000000" remote="130406436000000000" Dst="2" />
<file name="single-04.jpg" server="ftp.populerdunya.com/blog/" local="130338128890000000" remote="130406436000000000" Dst="2" />
<file name="single-02.jpg" server="ftp.populerdunya.com/readme/" local="130565965730000000" remote="130568302800000000" Dst="2" />
<file name="single-03.jpg" server="ftp.populerdunya.com/readme/" local="130565961690000000" remote="130568303400000000" Dst="2" />
<file name="single-04.jpg" server="ftp.populerdunya.com/readme/" local="130565992300000000" remote="130568303400000000" Dst="2" />
<file name="single-01.jpg" server="ftp.populerdunya.com/readme/" local="130565958450000000" remote="130568302800000000" Dst="2" />
<file name="single-01.jpg" server="ftp.populerdunya.com/editor-html/" local="130784044210000000" remote="131317314600000000" Dst="0" />
<file name="single-02.jpg" server="ftp.populerdunya.com/editor-html/" local="130784044400000000" remote="131317314600000000" Dst="0" />
<file name="single-03.jpg" server="ftp.populerdunya.com/editor-html/" local="130784045930000000" remote="131317314600000000" Dst="0" />
<file name="single-04.jpg" server="ftp.populerdunya.com/editor-html/" local="130784046040000000" remote="131317314600000000" Dst="0" />
</dwsync>