<?xml version="1.0" encoding="utf-8" ?>
<dwsync>
<file name="fastclick.js" server="ftp.populerdunya.com/editor-html/" local="130488143120000000" remote="130702356000000000" Dst="-1" />
<file name="imagesloaded.pkgd.min.js" server="ftp.populerdunya.com/editor-html/" local="130525104040000000" remote="130702356000000000" Dst="-1" />
<file name="jquery-1.11.1.min.js" server="ftp.populerdunya.com/editor-html/" local="130490834670000000" remote="130702356000000000" Dst="-1" />
<file name="jquery-migrate-1.2.1.min.js" server="ftp.populerdunya.com/editor-html/" local="130330917490000000" remote="130702356000000000" Dst="-1" />
<file name="jquery.fitvids.js" server="ftp.populerdunya.com/editor-html/" local="130488148260000000" remote="130702356000000000" Dst="-1" />
<file name="jquery.isotope.min.js" server="ftp.populerdunya.com/editor-html/" local="130488152010000000" remote="130702356000000000" Dst="-1" />
<file name="jquery.validate.min.js" server="ftp.populerdunya.com/editor-html/" local="130489139630000000" remote="130702356000000000" Dst="-1" />
<file name="main.js" server="ftp.populerdunya.com/editor-html/" local="131317634272992753" remote="131317314600000000" Dst="0" />
<file name="modernizr.min.js" server="ftp.populerdunya.com/editor-html/" local="130488156960000000" remote="130702356000000000" Dst="-1" />
<file name="readingTime.js" server="ftp.populerdunya.com/editor-html/" local="130590082010000000" remote="130702356000000000" Dst="-1" />
</dwsync>