<?xml version="1.0" encoding="utf-8" ?>
<dwsync>
<file name="1.jpg" server="ftp.populerdunya.com/readme/" local="130331108020000000" remote="130492170600000000" Dst="2" />
<file name="10.jpg" server="ftp.populerdunya.com/readme/" local="130331108020000000" remote="130492170600000000" Dst="2" />
<file name="11.jpg" server="ftp.populerdunya.com/readme/" local="130331108020000000" remote="130492170600000000" Dst="2" />
<file name="12.jpg" server="ftp.populerdunya.com/readme/" local="130331108020000000" remote="130492170600000000" Dst="2" />
<file name="14.jpg" server="ftp.populerdunya.com/readme/" local="130331108020000000" remote="130492170600000000" Dst="2" />
<file name="15.jpg" server="ftp.populerdunya.com/readme/" local="130331108020000000" remote="130492170600000000" Dst="2" />
<file name="13.jpg" server="ftp.populerdunya.com/readme/" local="130331108020000000" remote="130492170600000000" Dst="2" />
<file name="16.jpg" server="ftp.populerdunya.com/readme/" local="130331108020000000" remote="130492170600000000" Dst="2" />
<file name="17.jpg" server="ftp.populerdunya.com/readme/" local="130331108020000000" remote="130492170600000000" Dst="2" />
<file name="18.jpg" server="ftp.populerdunya.com/readme/" local="130331108020000000" remote="130492171200000000" Dst="2" />
<file name="19.jpg" server="ftp.populerdunya.com/readme/" local="130331108020000000" remote="130492171200000000" Dst="2" />
<file name="20.jpg" server="ftp.populerdunya.com/readme/" local="130331108020000000" remote="130492171200000000" Dst="2" />
<file name="2.jpg" server="ftp.populerdunya.com/readme/" local="130331108020000000" remote="130492171200000000" Dst="2" />
<file name="4.jpg" server="ftp.populerdunya.com/readme/" local="130331108020000000" remote="130492171200000000" Dst="2" />
<file name="3.jpg" server="ftp.populerdunya.com/readme/" local="130331108020000000" remote="130492171200000000" Dst="2" />
<file name="5.jpg" server="ftp.populerdunya.com/readme/" local="130331108020000000" remote="130492171200000000" Dst="2" />
<file name="6.jpg" server="ftp.populerdunya.com/readme/" local="130331108020000000" remote="130492171200000000" Dst="2" />
<file name="7.jpg" server="ftp.populerdunya.com/readme/" local="130331108020000000" remote="130492171200000000" Dst="2" />
<file name="8.jpg" server="ftp.populerdunya.com/readme/" local="130331108020000000" remote="130492171200000000" Dst="2" />
<file name="9.jpg" server="ftp.populerdunya.com/readme/" local="130331108020000000" remote="130492171200000000" Dst="2" />
<file name="1.jpg" server="ftp.populerdunya.com/editor-html/" local="130702876660000000" remote="130702356000000000" Dst="-1" />
<file name="10.jpg" server="ftp.populerdunya.com/editor-html/" local="130702876670000000" remote="130702356000000000" Dst="-1" />
<file name="11.jpg" server="ftp.populerdunya.com/editor-html/" local="130702876600000000" remote="130702356000000000" Dst="-1" />
<file name="12.jpg" server="ftp.populerdunya.com/editor-html/" local="130702876620000000" remote="130702356000000000" Dst="-1" />
<file name="13.jpg" server="ftp.populerdunya.com/editor-html/" local="130702876640000000" remote="130702356000000000" Dst="-1" />
<file name="14.jpg" server="ftp.populerdunya.com/editor-html/" local="130702876650000000" remote="130702356000000000" Dst="-1" />
<file name="15.jpg" server="ftp.populerdunya.com/editor-html/" local="130702876670000000" remote="130702356000000000" Dst="-1" />
<file name="16.jpg" server="ftp.populerdunya.com/editor-html/" local="130702876600000000" remote="130702356000000000" Dst="-1" />
<file name="17.jpg" server="ftp.populerdunya.com/editor-html/" local="130702876610000000" remote="130702356000000000" Dst="-1" />
<file name="18.jpg" server="ftp.populerdunya.com/editor-html/" local="130702876630000000" remote="130702356000000000" Dst="-1" />
<file name="19.jpg" server="ftp.populerdunya.com/editor-html/" local="130702876650000000" remote="130702356000000000" Dst="-1" />
<file name="2.jpg" server="ftp.populerdunya.com/editor-html/" local="130702876610000000" remote="130702356000000000" Dst="-1" />
<file name="20.jpg" server="ftp.populerdunya.com/editor-html/" local="130702876670000000" remote="130702356000000000" Dst="-1" />
<file name="3.jpg" server="ftp.populerdunya.com/editor-html/" local="130702876640000000" remote="130702356000000000" Dst="-1" />
<file name="4.jpg" server="ftp.populerdunya.com/editor-html/" local="130702876590000000" remote="130702356000000000" Dst="-1" />
<file name="5.jpg" server="ftp.populerdunya.com/editor-html/" local="130702876680000000" remote="130702356000000000" Dst="-1" />
<file name="6.jpg" server="ftp.populerdunya.com/editor-html/" local="130702876590000000" remote="130702356000000000" Dst="-1" />
<file name="7.jpg" server="ftp.populerdunya.com/editor-html/" local="130702876610000000" remote="130702356000000000" Dst="-1" />
<file name="8.jpg" server="ftp.populerdunya.com/editor-html/" local="130702876630000000" remote="130702356000000000" Dst="-1" />
<file name="9.jpg" server="ftp.populerdunya.com/editor-html/" local="130702876640000000" remote="130702356000000000" Dst="-1" />
</dwsync>