<?xml version="1.0" encoding="utf-8" ?>
<dwsync>
<file name="slide-01.jpg" server="ftp.populerdunya.com/readme/" local="130568578880000000" remote="130568302800000000" Dst="2" />
<file name="slide-02.jpg" server="ftp.populerdunya.com/readme/" local="130568578650000000" remote="130568302800000000" Dst="2" />
<file name="slide-03.jpg" server="ftp.populerdunya.com/readme/" local="130568578040000000" remote="130568302800000000" Dst="2" />
<file name="08.jpg" server="ftp.populerdunya.com/readme/" local="130568584240000000" remote="130568302200000000" Dst="2" />
<file name="08.jpg" server="ftp.populerdunya.com/editor-html/" local="130748490030000000" remote="130749012000000000" Dst="-1" />
<file name="slide-01.jpg" server="ftp.populerdunya.com/editor-html/" local="130749615150000000" remote="130749012000000000" Dst="-1" />
<file name="slide-02.jpg" server="ftp.populerdunya.com/editor-html/" local="130749613220000000" remote="130749012000000000" Dst="-1" />
<file name="slide-03.jpg" server="ftp.populerdunya.com/editor-html/" local="130749613810000000" remote="130749012000000000" Dst="-1" />
<file name="01.jpg" server="ftp.populerdunya.com/editor-html/" local="130748490030000000" remote="130749012000000000" Dst="-1" />
<file name="02.jpg" server="ftp.populerdunya.com/editor-html/" local="130750678580000000" remote="130749876000000000" Dst="-1" />
<file name="03.jpg" server="ftp.populerdunya.com/editor-html/" local="130749881770000000" remote="130749876000000000" Dst="-1" />
<file name="04.jpg" server="ftp.populerdunya.com/editor-html/" local="130750397690000000" remote="130749876000000000" Dst="-1" />
<file name="05.jpg" server="ftp.populerdunya.com/editor-html/" local="130750398660000000" remote="130749876000000000" Dst="-1" />
<file name="06.jpg" server="ftp.populerdunya.com/editor-html/" local="130750399760000000" remote="130749876000000000" Dst="-1" />
<file name="07.jpg" server="ftp.populerdunya.com/editor-html/" local="130750400720000000" remote="130749876000000000" Dst="-1" />
<file name="10.jpg" server="ftp.populerdunya.com/editor-html/" local="130750401880000000" remote="130749876000000000" Dst="-1" />
<file name="11.jpg" server="ftp.populerdunya.com/editor-html/" local="130748490020000000" remote="130749012000000000" Dst="-1" />
<file name="09.jpg" server="ftp.populerdunya.com/editor-html/" local="130750401180000000" remote="130749876000000000" Dst="-1" />
<file name="12.jpg" server="ftp.populerdunya.com/editor-html/" local="130750402300000000" remote="130749876000000000" Dst="-1" />
<file name="13.jpg" server="ftp.populerdunya.com/editor-html/" local="130750402490000000" remote="130749876000000000" Dst="-1" />
<file name="14.jpg" server="ftp.populerdunya.com/editor-html/" local="130750403190000000" remote="130749876000000000" Dst="-1" />
<file name="slide-01-big.jpg" server="ftp.populerdunya.com/editor-html/" local="130750411670000000" remote="130749876000000000" Dst="-1" />
<file name="slide-02-big.jpg" server="ftp.populerdunya.com/editor-html/" local="130749822520000000" remote="130749876000000000" Dst="-1" />
<file name="slide-03-big.jpg" server="ftp.populerdunya.com/editor-html/" local="130749822870000000" remote="130749876000000000" Dst="-1" />
<file name="banner.jpg" server="ftp.populerdunya.com/editor-html/" local="130750555090000000" remote="130749876000000000" Dst="-1" />
<file name="t01.jpg" server="ftp.populerdunya.com/editor-html/" local="130750543550000000" remote="130749876000000000" Dst="-1" />
<file name="t02.jpg" server="ftp.populerdunya.com/editor-html/" local="130750545210000000" remote="130749876000000000" Dst="-1" />
<file name="t03.jpg" server="ftp.populerdunya.com/editor-html/" local="130750543830000000" remote="130749876000000000" Dst="-1" />
</dwsync>